EmployeeID,LastName,FirstName,Title,TitleOfCourtesy,BirthDate,HireDate,Address,City,Region,PostalCode,Country,HomePhone,Extension,Photo,Notes,ReportsTo
1,Davolio,Nancy,Sales Representative,Ms.,12/8/1968,5/1/1992,507 - 20th Ave. E. Apt. 2A,Seattle,WA,98122,USA,(206) 555-9857,5467,EmpID1.bmp,Education includes a BA in psychology from Colorado State University.  She also completed The Art of the Cold Call.  Nancy is a member of Toastmasters International.,2
2,Fuller,Andrew,Vice President Sales,Dr.,2/19/1952,8/14/1992,908 W. Capital Way,Tacoma,WA,98401,USA,(206) 555-9482,3457,EmpID2.bmp,Andrew received his BTS commercial and a Ph.D. in international marketing from the University of Dallas.  He is fluent in French and Italian and reads German.  He joined the company as a sales representative was promoted to sales manager and was then named vice president of sales.  Andrew is a member of the Sales Management Roundtable the Seattle Chamber of Commerce and the Pacific Rim Importers Association.,-1
3,Leverling,Janet,Sales Representative,Ms.,8/30/1963,4/1/1992,722 Moss Bay Blvd.,Kirkland,WA,98033,USA,(206) 555-3412,3355,EmpID3.bmp,Janet has a BS degree in chemistry from Boston College).  She has also completed a certificate program in food retailing management.  Janet was hired as a sales associate and was promoted to sales representative.,2
4,Peacock,Margaret,Sales Representative,Mrs.,9/19/1958,5/3/1993,4110 Old Redmond Rd.,Redmond,WA,98052,USA,(206) 555-8122,5176,EmpID4.bmp,Margaret holds a BA in English literature from Concordia College and an MA from the American Institute of Culinary Arts. She was temporarily assigned to the London office before returning to her permanent post in Seattle.,2
5,Buchanan,Steven,Sales Manager,Mr.,3/4/1955,10/17/1993,14 Garrett Hill,London,n/a,SW1 8JR,UK,(71) 555-4848,3453,EmpID5.bmp,Steven Buchanan graduated from St. Andrews University Scotland with a BSC degree.  Upon joining the company as a sales representative he spent 6 months in an orientation program at the Seattle office and then returned to his permanent post in London where he was promoted to sales manager.  Mr. Buchanan has completed the courses Successful Telemarketing and International Sales Management.  He is fluent in French.,2
6,Robert E. Rees,Michael,Sales Representative,Mr.,7/2/1963,10/17/1993,Coventry House Miner Rd.,London,n/a,EC2 7JR,UK,(71) 555-7773,428,EmpID6.bmp,Michael is a graduate of Sussex University (MA economics) and the University of California at Los Angeles (MBA marketing).  He has also taken the courses Multi-Cultural Selling and Time Management for the Sales Professional.  He is fluent in Japanese and can read and write French Portuguese and Spanish.,5
7,King,Robert,Sales Representative,Mr.,5/29/1960,1/2/1994,Edgeham Hollow Winchester Way,London,n/a,RG1 9SP,UK,(71) 555-5598,465,EmpID7.bmp,Robert King served in the Peace Corps and traveled extensively before completing his degree in English at the University of Michigan and then joining the company.  After completing a course entitled Selling in Europe he was transferred to the London office.,5
8,Callahan,Laura,Inside Sales Coordinator,Ms.,1/9/1958,3/5/1994,4726 - 11th Ave. N.E.,Seattle,WA,98105,USA,(206) 555-1189,2344,EmpID8.bmp,Laura received a BA in psychology from the University of Washington.  She has also completed a course in business French.  She reads and writes French.,2
9,Dodsworth,Anne,Sales Representative,Ms.,7/2/1969,11/15/1994,7 Houndstooth Rd.,London,n/a,WG2 7LT,UK,(71) 555-4444,452,EmpID9.bmp,Anne has a BA degree in English from St. Lawrence College.  She is fluent in French and German.,5
